time,wx,wy,wz
0.028,0.11,0.16,-0.03
0.042,-0.02,0.16,0.00
0.053,-0.08,0.06,0.10
0.069,-0.09,-0.09,0.12
0.086,-0.05,-0.07,0.04
0.103,-0.03,0.03,-0.03
0.120,-0.03,0.02,-0.02
0.136,0.01,-0.03,-0.02
0.153,0.02,-0.06,-0.06
0.170,-0.01,-0.16,-0.07
0.186,-0.03,-0.09,-0.09
0.203,-0.08,0.07,-0.11
0.219,-0.12,0.21,-0.05
0.236,-0.18,0.19,-0.06
0.253,-0.13,0.25,-0.06
0.270,-0.06,0.32,0.01
0.286,-0.01,0.17,0.05
0.303,0.07,-0.01,0.00
0.320,0.14,-0.06,-0.05
0.336,0.11,-0.05,-0.07
0.353,0.07,0.09,-0.04
0.370,0.02,0.06,0.01
0.386,0.00,-0.02,0.03
0.403,-0.03,-0.01,-0.01
0.420,-0.05,0.02,-0.01
0.437,-0.06,-0.03,-0.02
0.453,-0.02,-0.01,-0.03
0.470,-0.01,-0.06,-0.02
0.486,-0.02,-0.06,0.02
0.503,-0.05,-0.09,0.07
0.519,-0.08,-0.12,0.07
0.536,-0.09,-0.03,0.02
0.553,-0.08,0.08,-0.00
0.570,-0.05,0.12,0.03
0.586,-0.08,0.08,0.07
0.603,-0.09,0.12,0.13
0.620,-0.11,0.14,0.16
0.636,-0.14,0.13,0.18
0.653,-0.12,0.03,0.18
0.670,-0.12,-0.01,0.10
0.687,-0.16,0.03,0.04
0.703,-0.22,0.12,0.07
0.720,-0.27,0.17,0.11
0.737,-0.13,0.01,0.08
0.769,-0.05,-0.00,-0.01
0.785,-0.00,-0.01,-0.02
0.802,-0.00,-0.06,-0.03
0.835,-0.06,-0.01,-0.04
0.852,-0.11,0.02,-0.03
0.871,-0.07,-0.05,-0.03
0.888,-0.02,-0.10,-0.01
0.904,0.02,-0.09,-0.02
0.921,0.01,-0.05,-0.04
0.937,-0.04,-0.01,-0.05
0.954,-0.12,-0.01,-0.01
0.971,-0.16,-0.07,0.01
0.987,-0.14,-0.08,-0.00
1.004,-0.10,-0.08,-0.00
1.021,-0.06,-0.08,0.04
1.037,-0.04,-0.11,0.06
1.054,-0.05,-0.09,0.03
1.071,-0.06,-0.01,-0.01
1.087,-0.04,0.09,-0.00
1.104,-0.03,0.10,0.01
1.121,-0.05,0.10,0.03
1.138,-0.10,0.17,0.03
1.154,-0.14,0.20,0.05
1.171,-0.14,0.15,0.11
1.187,-0.10,0.06,0.12
1.204,-0.10,0.09,0.11
1.221,-0.18,0.10,0.12
1.237,-0.27,0.06,0.14
1.254,-0.30,0.08,0.12
1.271,-0.29,0.07,0.12
1.287,-0.25,-0.08,0.14
1.304,-0.20,-0.21,0.10
1.321,-0.14,-0.21,0.05
1.337,-0.09,-0.12,0.01
1.354,-0.09,-0.03,-0.06
1.371,-0.10,-0.00,-0.10
1.388,-0.11,0.00,-0.11
1.404,-0.10,-0.04,-0.12
1.421,-0.05,-0.08,-0.12
1.438,0.03,-0.05,-0.14
1.454,0.06,-0.00,-0.17
1.471,0.04,0.01,-0.17
1.488,-0.00,0.01,-0.16
1.504,-0.03,-0.00,-0.14
1.521,-0.06,-0.06,-0.09
1.553,-0.05,-0.06,-0.07
1.570,-0.03,-0.00,-0.08
1.586,-0.06,0.07,-0.08
1.603,-0.22,0.09,-0.01
1.620,-0.46,0.09,0.09
1.636,-0.74,-0.06,0.23
1.653,-0.69,-0.37,0.38
1.686,-0.60,-0.16,0.32
1.703,-0.59,0.02,0.32
1.720,-0.62,0.02,0.38
1.753,-0.46,-0.08,0.32
1.770,-0.32,-0.20,0.19
1.786,-0.23,-0.26,0.08
1.803,-0.23,-0.38,0.09
1.819,-0.35,-0.50,0.15
1.836,-0.41,-0.47,0.35
1.853,-0.44,-0.28,0.47
1.870,-0.43,-0.12,0.37
1.889,-0.31,0.05,0.14
1.905,-0.15,0.24,-0.10
1.922,-0.01,0.23,-0.26
1.939,0.07,0.19,-0.38
1.955,0.15,0.27,-0.40
1.972,0.19,0.34,-0.27
1.989,0.11,0.16,-0.17
2.005,0.01,-0.00,-0.12
2.022,-0.01,0.09,-0.16
2.039,-0.02,0.13,-0.20
2.055,-0.04,0.15,-0.24
2.072,-0.04,0.11,-0.25
2.088,0.04,0.05,-0.24
2.105,0.13,-0.01,-0.17
2.122,0.15,-0.09,-0.09
2.138,0.13,-0.15,-0.06
2.155,0.13,-0.16,-0.04
2.172,0.12,-0.08,0.04
2.188,0.11,0.00,0.21
2.205,0.18,-0.10,0.35
2.222,0.35,-0.25,0.57
2.239,0.43,-0.25,0.83
2.255,0.43,-0.13,1.05
2.272,0.36,-0.13,1.20
2.289,0.32,-0.25,1.43
2.305,0.29,-0.34,2.07
2.336,0.24,-0.37,2.22
2.353,0.19,-0.41,2.31
2.370,0.21,-0.49,2.52
2.390,0.21,-0.52,2.76
2.406,-0.24,-0.11,3.02
2.423,-0.31,0.15,2.90
2.439,-0.18,0.18,2.74
2.470,-0.08,0.05,2.58
2.486,-0.11,-0.05,2.40
2.503,-0.33,0.20,1.75
2.536,-0.21,0.31,1.31
2.553,0.08,0.08,0.67
2.570,0.28,-0.08,0.29
2.603,0.49,0.05,-0.66
2.620,0.65,0.13,-1.09
2.636,0.80,0.18,-1.50
2.653,0.84,0.09,-1.83
2.669,0.78,-0.20,-2.07
2.686,0.65,-0.47,-2.26
2.703,0.51,-0.55,-2.47
2.720,0.32,-0.43,-2.68
2.736,0.12,-0.20,-2.88
2.753,0.04,-0.16,-3.04
2.770,0.13,-0.34,-3.21
2.786,0.29,-0.61,-3.40
2.806,0.41,-0.75,-3.50
2.823,0.41,-0.58,-3.58
2.840,0.29,-0.29,-3.70
2.856,0.21,-0.17,-3.79
2.873,0.21,-0.24,-3.73
2.890,0.22,-0.33,-3.56
2.906,0.20,-0.23,-3.43
2.923,0.27,-0.16,-3.35
2.940,0.38,-0.19,-3.31
2.956,0.39,-0.20,-3.28
2.973,0.33,-0.12,-3.19
2.990,0.23,-0.01,-3.03
3.006,0.19,-0.01,-2.83
3.023,0.16,-0.02,-2.66
3.040,0.24,-0.09,-2.53
3.056,0.36,-0.18,-2.46
3.073,0.45,-0.25,-2.45
3.090,0.49,-0.27,-2.40
3.106,0.47,-0.27,-2.27
3.123,0.38,-0.32,-2.01
3.140,0.22,-0.39,-1.75
3.156,0.04,-0.30,-1.26
3.186,0.08,-0.28,-0.96
3.203,0.08,-0.16,-0.67
3.220,0.06,-0.01,-0.38
3.235,0.10,0.04,-0.08
3.253,0.18,-0.09,0.19
3.270,0.26,-0.23,0.44
3.286,0.27,-0.21,0.91
3.307,0.26,-0.11,1.19
3.336,0.42,-0.03,2.05
3.353,0.30,0.02,2.40
3.386,0.08,0.13,2.54
3.403,-0.02,-0.10,2.55
3.420,0.04,-0.41,2.52
3.453,0.30,-0.86,2.46
3.469,0.53,-0.75,2.51
3.486,0.59,-0.43,2.59
3.503,0.43,0.10,2.60
3.520,0.33,0.40,2.65
3.536,0.42,0.44,2.78
3.553,0.57,0.34,2.98
3.570,0.57,0.30,3.12
3.586,0.38,0.52,3.15
3.603,0.19,0.71,3.13
3.620,0.16,0.70,3.05
3.636,0.20,0.64,2.90
3.653,0.21,0.69,2.83
3.670,0.12,0.71,2.94
3.686,-0.05,0.81,3.13
3.703,-0.18,0.99,3.25
3.720,-0.26,1.03,3.29
3.736,-0.29,0.81,3.34
3.753,-0.29,0.59,3.37
3.770,-0.31,0.59,3.34
3.786,-0.40,0.66,3.29
3.803,-0.60,0.85,3.23
3.820,-0.79,0.88,3.14
3.836,-0.85,0.81,2.96
3.853,-0.69,0.60,2.59
3.870,-0.52,0.16,2.20
3.886,-0.53,-0.32,1.97
3.903,-0.59,-0.54,1.73
3.920,-0.57,-0.43,1.44
3.936,-0.51,-0.07,1.07
3.953,-0.44,0.14,0.54
3.970,-0.16,0.10,-0.11
3.986,0.29,-0.10,-0.79
4.003,0.63,-0.28,-1.41
4.020,0.74,-0.15,-1.98
4.036,0.60,0.24,-2.45
4.053,0.45,0.58,-2.83
4.070,0.42,0.79,-3.23
4.086,0.53,0.60,-3.64
4.103,0.82,0.21,-4.04
4.120,1.11,-0.09,-4.38
4.136,0.93,0.39,-5.08
4.170,0.89,0.75,-5.41
4.186,0.83,0.00,-5.66
4.203,0.76,-0.64,-5.58
4.236,0.57,-0.90,-5.28
4.253,-0.23,-0.54,-4.58
4.270,-0.72,-0.79,-4.37
4.303,-1.64,-1.49,-4.46
4.320,-2.15,-1.43,-4.26
4.335,-2.54,-1.00,-3.71
4.353,-2.91,-0.76,-2.81
4.370,-3.39,-0.74,-2.04
4.386,-3.90,-0.68,-1.56
4.403,-4.07,-0.60,-1.36
4.420,-4.01,-0.73,-1.01
4.436,-3.82,-0.92,-0.55
4.453,-3.50,-0.72,-0.26
4.470,-3.12,-0.65,-0.25
4.486,-2.54,-0.81,-0.29
4.503,-1.90,-0.88,-0.25
4.520,-1.35,-0.62,-0.27
4.536,-0.85,-0.45,-0.19
4.553,-0.47,-0.20,0.13
4.569,-0.28,0.10,0.29
4.586,0.00,0.46,0.17
4.603,0.73,0.71,0.06
4.619,1.75,0.72,0.12
4.636,2.64,0.40,0.35
4.653,3.51,-0.21,0.37
4.669,4.20,-0.98,0.51
4.686,4.98,-1.26,1.02
4.703,5.95,-0.71,1.58
4.720,6.82,0.36,1.98
4.736,7.46,1.08,2.23
4.753,7.88,1.60,2.42
4.769,8.08,2.47,2.44
4.786,7.90,2.72,1.48
4.802,8.42,1.99,0.43
4.820,8.94,2.01,0.38
4.836,9.11,2.68,0.94
4.853,8.87,2.49,1.04
4.870,7.95,2.08,0.98
4.886,6.94,1.62,1.14
4.903,6.62,1.87,1.11
4.920,6.28,1.67,1.01
4.936,5.82,1.97,0.78
4.953,5.55,2.62,0.59
4.970,5.26,2.95,0.68
4.986,4.17,2.55,0.76
5.019,3.43,1.96,0.80
5.036,2.33,1.47,0.52
5.053,1.57,0.82,0.37
5.086,-0.28,-0.20,-0.10
5.103,-1.06,-0.43,-0.44
5.120,-1.73,-0.56,-0.83
5.153,-3.16,0.24,-1.26
5.169,-3.51,0.08,-1.38
5.186,-3.93,-0.52,-1.51
5.203,-4.78,-1.02,-1.80
5.220,-6.01,-0.85,-2.16
5.236,-7.06,-0.36,-2.45
5.253,-7.48,-0.59,-2.65
5.270,-7.78,-0.77,-2.72
5.286,-7.81,-0.49,-2.62
5.303,-7.81,-0.36,-2.58
5.320,-8.01,-0.53,-2.53
5.336,-8.22,-0.82,-2.46
5.353,-8.52,-0.76,-2.49
5.370,-8.80,-0.53,-2.16
5.386,-8.87,-1.24,-1.60
5.403,-8.25,-1.73,-0.97
5.420,-7.32,-1.66,-0.89
5.436,-6.48,-1.16,-1.09
5.453,-5.63,-0.34,-1.15
5.470,-4.76,-0.04,-1.21
5.486,-3.64,-0.20,-1.08
5.503,-2.36,-0.97,-1.10
5.520,-1.23,-1.88,-1.02
5.536,-0.66,-1.94,-0.91
5.552,-0.71,-1.44,-0.72
5.570,-1.05,-0.92,-0.55
5.586,-1.25,-0.69,-0.45
5.603,-1.10,-0.46,-0.28
5.619,-0.45,-0.23,-0.06
5.636,0.72,-0.24,0.14
5.653,2.31,-0.40,0.30
5.669,3.69,-0.81,0.31
5.686,4.79,-1.57,0.30
5.703,5.71,-2.52,0.38
5.719,6.55,-2.78,0.22
5.736,7.27,-2.31,-0.11
5.753,7.58,-1.67,-0.34
5.770,7.83,-1.30,-0.78
5.786,8.20,-1.27,-1.32
5.803,8.74,-0.63,-1.93
5.819,9.28,0.04,-2.13
5.836,9.50,1.62,-1.81
5.870,9.19,2.07,-1.41
5.886,7.86,2.23,-0.31
5.903,7.20,1.98,-0.21
5.936,5.19,1.54,-0.26
5.953,4.38,1.69,-0.41
5.969,3.69,2.33,-0.44
6.003,3.29,3.01,-0.34
6.019,3.48,2.45,-0.09
6.036,3.17,1.59,0.25
6.053,2.60,1.30,0.50
6.069,2.23,1.36,0.65
6.086,1.78,0.95,0.66
6.103,1.15,0.66,0.43
6.119,0.48,0.72,0.14
6.136,-0.14,0.60,-0.15
6.153,-0.66,0.35,-0.46
6.169,-1.35,0.27,-0.65
6.186,-1.98,0.07,-0.70
6.203,-2.30,-0.31,-0.68
6.219,-2.79,-0.51,-0.76
6.236,-3.60,-0.64,-0.97
6.253,-4.42,-0.85,-1.26
6.270,-5.10,-0.97,-1.56
6.286,-5.71,-1.11,-1.78
6.302,-6.33,-1.11,-2.05
6.319,-7.02,-0.91,-2.33
6.336,-7.57,-0.78,-2.68
6.353,-7.94,-0.84,-2.90
6.370,-8.16,-0.75,-3.03
6.386,-8.12,-0.77,-3.27
6.403,-7.79,-1.19,-3.33
6.420,-7.34,-1.65,-3.23
6.436,-6.81,-1.89,-2.88
6.453,-6.18,-1.92,-2.53
6.470,-5.34,-1.76,-2.31
6.486,-4.53,-1.58,-2.10
6.503,-3.76,-1.48,-1.74
6.519,-2.80,-1.59,-1.41
6.536,-2.00,-2.03,-1.38
6.553,-1.70,-2.25,-1.39
6.570,-1.62,-2.09,-1.11
6.586,-1.63,-1.47,-0.59
6.603,-1.76,-0.98,-0.13
6.619,-1.71,-1.07,0.19
6.636,-1.54,-1.30,0.16
6.653,-1.36,-1.06,0.07
6.670,-1.33,-0.42,0.19
6.686,-1.23,-0.06,0.85
6.719,-0.69,-0.52,0.89
6.736,0.81,-0.80,0.48
6.753,1.28,-0.41,0.40
6.786,1.11,0.31,0.71
6.802,0.71,0.28,0.98
6.820,0.44,-0.08,1.08
6.853,0.61,-0.56,1.06
6.870,0.75,-0.32,1.05
6.886,0.95,0.05,1.09
6.903,1.07,-0.05,1.13
6.920,1.05,-0.13,1.27
6.936,0.91,0.21,1.22
6.953,0.78,0.58,1.00
6.970,0.76,0.33,0.82
6.986,0.86,-0.17,0.77
7.003,0.94,-0.38,0.57
7.019,0.92,-0.53,0.39
7.036,0.80,-0.40,0.40
7.053,0.53,-0.17,0.37
7.069,0.23,0.01,0.33
7.086,-0.05,0.21,0.30
7.103,-0.25,0.29,0.29
7.120,-0.27,0.10,0.26
7.136,-0.25,-0.13,0.16
7.153,-0.25,-0.30,0.01
7.170,-0.20,-0.23,-0.10
7.186,-0.16,0.08,-0.09
7.203,-0.16,0.32,-0.08
7.220,-0.13,0.34,-0.14
7.236,0.01,0.22,-0.31
7.253,0.28,0.06,-0.38
7.270,0.62,0.05,-0.27
7.286,0.88,0.38,-0.16
7.303,0.92,1.19,-0.13
7.319,0.88,1.70,-0.12
7.336,0.85,1.29,-0.09
7.353,0.70,0.45,-0.14
7.370,0.61,0.28,-0.63
7.386,0.51,0.57,-1.01
7.403,0.52,0.91,-1.21
7.420,0.80,0.76,-1.12
7.436,1.04,0.14,-0.87
7.453,0.99,-0.40,-0.80
7.470,0.49,-0.43,-0.93
7.486,-0.20,0.59,-0.63
7.503,-0.63,1.26,-0.26
7.520,-0.48,1.36,-0.20
7.536,0.53,0.01,-0.78
7.570,0.46,-1.63,-0.70
7.586,-0.56,-3.52,-0.24
7.603,-0.88,-4.19,0.30
7.636,-0.37,-0.80,0.04
7.653,0.34,0.69,0.18
7.670,0.86,1.13,0.43
7.686,0.98,0.73,0.57
7.703,0.67,-0.01,0.56
7.720,0.32,-0.55,0.47
7.736,0.16,-0.53,0.46
7.753,0.10,-0.40,0.46
7.769,0.11,-0.13,0.47
7.786,0.19,0.32,0.55
7.803,0.19,0.57,0.66
7.820,0.10,0.48,0.67
7.836,-0.02,0.05,0.51
7.852,-0.11,-0.20,0.26
7.870,-0.18,-0.18,0.17
7.886,-0.34,-0.07,0.27
7.903,-0.52,0.20,0.44
7.919,-0.67,0.58,0.65
7.936,-0.75,0.78,0.77
7.953,-0.84,0.61,0.77
7.969,-0.97,0.29,0.66
7.986,-1.07,0.23,0.57
8.003,-1.07,0.26,0.55
8.019,-0.98,0.26,0.55
8.036,-0.84,0.27,0.51
8.053,-0.62,0.12,0.38
8.069,-0.39,-0.17,0.26
8.086,-0.21,-0.42,0.25
8.103,-0.17,-0.79,0.30
8.119,-0.26,-0.82,0.21
8.136,-0.34,-0.57,-0.06
8.153,-0.51,-0.12,-0.17
8.169,-0.77,0.30,0.08
8.186,-0.96,0.31,0.53
8.203,-1.05,0.19,0.77
8.219,-1.03,0.06,0.75
8.235,-0.96,-0.03,0.63
8.253,-0.80,-0.32,0.52
8.269,-0.57,-0.58,0.44
8.286,-0.37,-0.64,0.24
8.303,-0.28,-0.56,-0.01
8.320,-0.32,-0.74,-0.12
8.336,-0.38,-1.07,-0.33
8.353,-0.31,-1.34,-0.84
8.370,-0.11,-1.60,-1.48
8.386,0.19,-2.21,-2.07
8.420,0.31,-2.25,-2.29
8.436,0.63,-2.91,-2.65
8.453,0.75,-3.20,-2.89
8.486,0.89,-3.42,-3.38
8.503,0.87,-3.69,-3.48
8.519,0.83,-3.94,-3.33
8.536,0.99,-4.34,-3.04
8.553,1.50,-3.91,-2.77
8.569,2.47,-3.10,-2.49
8.586,2.68,-2.86,-1.83
8.603,2.84,-3.25,-1.24
8.619,3.06,-3.79,-0.98
8.636,3.47,-4.30,-1.16
8.653,3.91,-4.39,-1.94
8.669,4.01,-4.24,-3.20
8.686,3.84,-3.82,-4.54
8.703,3.58,-3.78,-5.50
8.719,3.44,-3.64,-5.78
8.736,3.71,-3.58,-5.49
8.753,4.37,-3.51,-5.27
8.769,4.98,-3.58,-5.67
8.786,5.35,-3.90,-6.84
8.803,5.51,-4.25,-8.58
8.819,4.98,-4.29,-10.29
8.836,4.23,-4.10,-11.34
8.853,3.94,-3.94,-11.45
8.869,3.81,-3.11,-10.98
8.886,3.79,-2.30,-10.29
8.903,3.97,-1.49,-9.51
8.919,4.78,-0.83,-9.00
8.936,4.82,-1.18,-8.75
8.953,3.81,-2.03,-8.63
8.969,1.74,-1.97,-8.53
8.986,-0.93,-1.98,-7.79
9.002,-2.65,-2.97,-6.08
9.019,-3.99,-3.65,-4.17
9.036,-5.12,-4.10,-2.59
9.053,-6.01,-4.21,-1.66
9.069,-6.30,-3.42,-1.40
9.086,-6.04,-3.32,-1.11
9.103,-5.54,-3.76,0.11
9.119,-5.19,-4.55,1.59
9.136,-5.04,-5.50,2.97
9.153,-5.19,-6.39,4.81
9.170,-5.64,-7.69,6.80
9.186,-6.33,-8.06,8.27
9.203,-7.42,-7.86,9.22
9.219,-8.53,-7.31,9.35
9.236,-9.81,-5.53,6.81
9.269,-9.67,-4.61,5.59
9.286,-7.37,-4.06,7.57
9.303,-5.88,-3.95,9.16
9.336,-3.57,-3.58,10.56
9.353,-2.73,-3.72,10.58
9.370,-1.38,-3.74,10.42
9.386,0.45,-3.05,9.97
9.403,1.80,-2.84,9.31
9.419,2.59,-3.25,8.71
9.436,3.27,-3.21,7.99
9.453,3.91,-3.52,7.08
9.470,4.50,-3.47,6.16
9.486,4.73,-3.50,5.60
9.503,4.75,-3.24,5.39
9.519,4.53,-3.08,5.46
9.536,4.36,-3.30,5.43
9.553,4.28,-3.14,4.91
9.570,3.97,-2.57,4.32
9.586,3.53,-2.39,4.08
9.603,2.94,-2.55,4.28
9.619,2.33,-2.86,4.59
9.636,1.93,-3.28,4.61
9.653,1.93,-3.90,4.07
9.669,2.10,-4.85,3.25
9.686,2.23,-5.30,2.13
9.703,2.06,-5.96,1.12
9.719,1.82,-6.30,0.12
9.735,1.55,-6.18,-0.60
9.753,1.19,-5.78,-0.91
9.770,0.83,-5.72,-0.85
9.786,0.65,-5.84,-0.74
9.803,0.52,-6.03,-0.99
9.819,0.35,-5.86,-1.27
9.835,0.35,-5.51,-1.21
9.852,0.44,-5.47,-0.91
9.869,0.57,-5.95,-0.70
9.886,0.65,-6.84,-1.18
9.903,0.59,-7.00,-2.40
9.919,0.20,-6.94,-3.79
9.936,-0.36,-7.09,-5.07
9.953,-0.82,-6.71,-6.15
9.969,-1.09,-5.82,-6.96
9.986,-1.12,-5.06,-7.24
10.003,-1.19,-4.18,-6.95
10.019,-1.57,-3.64,-6.53
10.036,-2.16,-3.26,-6.42
10.053,-2.93,-3.18,-6.40
10.069,-3.91,-3.57,-6.09
10.086,-5.60,-3.25,-5.31
10.119,-5.67,-3.61,-3.76
10.136,-5.07,-3.15,-0.81
10.153,-5.12,-2.72,-0.56
10.186,-7.34,-3.59,-0.68
10.203,-8.71,-4.56,0.08
10.219,-9.86,-5.32,1.30
10.236,-10.77,-5.62,2.28
10.253,-11.17,-5.33,2.33
10.269,-10.65,-3.91,1.33
10.286,-9.53,-2.36,-0.13
10.303,-8.10,-1.98,-0.65
10.319,-6.64,-2.26,0.15
10.336,-5.57,-2.99,1.60
10.352,-5.33,-3.69,3.34
10.369,-5.42,-3.94,5.19
10.386,-4.97,-4.08,6.37
10.403,-3.89,-3.60,6.88
10.419,-2.63,-3.23,7.07
10.436,-1.53,-3.21,7.63
10.453,-0.62,-2.91,8.54
10.469,0.29,-3.08,9.22
10.486,1.20,-2.80,8.94
10.503,1.85,-2.13,7.93
10.519,2.09,-1.49,6.82
10.536,1.96,-1.38,6.09
10.553,1.88,-1.74,5.91
10.569,1.97,-1.83,6.04
10.586,1.93,-2.16,6.36
10.603,1.97,-2.48,6.41
10.619,2.30,-2.54,5.99
10.636,2.90,-2.39,5.37
10.653,3.53,-2.33,4.91
10.669,3.83,-2.14,5.00
10.686,3.37,-1.71,5.20
10.703,2.11,-1.84,5.01
10.719,0.83,-2.45,4.19
10.736,-0.01,-3.15,2.86
10.753,-0.37,-4.22,1.50
10.769,-0.08,-5.41,0.92
10.786,0.17,-6.59,0.62
10.803,0.10,-6.75,0.24
10.819,-0.17,-6.90,0.14
10.836,-0.37,-7.35,-0.18
10.852,-0.30,-7.05,-0.87
10.869,-0.23,-7.28,-1.37
10.886,-0.14,-7.76,-1.70
10.903,0.24,-8.43,-2.03
10.919,0.89,-8.98,-2.79
10.936,1.55,-9.22,-4.30
10.969,1.41,-8.48,-4.75
10.986,-1.06,-6.76,-5.54
11.003,-1.61,-5.08,-5.65
11.035,-1.73,-3.23,-5.26
11.052,-2.43,-0.32,-5.31
11.069,-3.20,0.08,-6.02
11.086,-3.96,-0.76,-6.27
11.103,-4.92,-0.97,-6.22
11.119,-5.98,-0.48,-6.38
11.136,-6.74,-0.03,-6.41
11.153,-7.05,-0.13,-5.98
11.169,-6.55,-0.18,-5.44
11.186,-6.09,-0.39,-4.93
11.203,-6.19,-1.09,-4.17
11.219,-6.74,-2.19,-2.50
11.236,-7.26,-3.56,0.09
11.253,-7.56,-4.31,2.68
11.269,-7.88,-4.62,3.95
11.286,-8.27,-3.88,4.02
11.303,-8.30,-2.62,3.62
11.319,-7.70,-1.88,3.67
11.336,-6.77,-1.79,4.58
11.353,-5.83,-1.89,5.73
11.369,-5.08,-1.65,6.50
11.386,-4.68,-1.32,6.92
11.403,-4.51,-0.22,6.78
11.419,-4.47,0.55,6.18
11.436,-4.43,0.47,5.47
11.453,-4.22,0.44,4.91
11.469,-3.80,0.27,4.46
11.486,-3.06,0.32,3.89
11.503,-2.05,1.36,3.19
11.519,-1.10,1.98,2.57
11.536,-0.39,1.63,2.04
11.553,-0.06,1.01,1.66
11.569,-0.18,1.31,1.47
11.586,-0.45,1.22,1.27
11.603,-0.54,0.88,1.00
11.619,-0.50,1.96,0.36
11.636,-0.48,1.73,-0.36
11.653,-1.06,0.26,-0.82
11.669,-2.00,-1.06,-1.42
11.686,-2.71,-1.28,-1.81
11.703,-2.75,0.26,-1.62
11.719,-1.45,1.04,-0.39
11.753,-0.76,0.42,-0.38
11.769,-0.75,-0.11,-0.74
11.786,-1.06,0.07,-0.26
11.819,-0.92,0.04,0.25
11.836,-0.15,0.30,-0.16
11.853,0.05,0.61,-0.30
11.886,0.08,0.13,0.18
11.903,0.09,0.02,0.14
11.919,-0.00,0.03,-0.12
11.936,-0.01,0.00,-0.00
11.953,0.09,-0.12,0.25
11.968,0.31,-0.32,0.30
11.986,0.37,-0.42,0.11
12.003,0.26,-0.34,-0.14
12.019,0.14,-0.09,-0.13
12.035,0.06,0.03,0.04
12.053,0.09,0.01,0.15
12.069,0.14,-0.06,0.13
12.087,0.14,-0.01,0.09
12.103,0.06,0.05,0.10
12.120,0.02,-0.00,0.12
12.137,0.04,-0.04,0.07
12.153,0.04,0.03,0.02
12.170,0.03,-0.00,0.09
12.187,0.04,-0.12,0.13
12.203,-0.06,-0.07,0.14
12.220,-0.13,-0.12,0.19
12.237,0.02,-0.13,0.17
12.254,0.07,-0.07,0.12
12.270,-0.00,-0.04,0.10
12.287,0.10,0.12,0.10
12.304,0.10,0.12,0.08
12.320,0.21,0.07,0.05
12.338,-0.01,-0.37,-0.06
12.354,-0.19,-0.03,-0.07
11.362,-5.08,-1.65,6.50
11.377,-4.68,-1.32,6.92
11.392,-4.51,-0.22,6.78
11.412,-4.47,0.55,6.18
11.427,-4.43,0.47,5.47
11.443,-4.22,0.44,4.91
11.458,-3.80,0.27,4.46
11.478,-3.06,0.32,3.89
11.493,-2.05,1.36,3.19
11.508,-1.10,1.98,2.57
11.523,-0.39,1.63,2.04
11.543,-0.06,1.01,1.66
11.558,-0.18,1.31,1.47
11.573,-0.45,1.22,1.27
11.588,-0.54,0.88,1.00
11.609,-0.50,1.96,0.36
11.624,-0.48,1.73,-0.36
11.639,-1.06,0.26,-0.82
11.654,-2.00,-1.06,-1.42
11.674,-2.71,-1.28,-1.81
11.689,-2.75,0.26,-1.62
11.704,-2.25,1.39,-0.97
11.719,-1.45,1.04,-0.39
11.739,-0.76,0.42,-0.38
11.755,-0.75,-0.11,-0.74
11.769,-1.01,-0.31,-0.79
11.785,-1.06,0.07,-0.26
11.805,-0.92,0.04,0.25
11.820,-0.57,-0.09,0.23
11.835,-0.15,0.30,-0.16
11.850,0.05,0.61,-0.30
11.870,0.07,0.41,-0.11
11.885,0.08,0.13,0.18
11.900,0.09,0.02,0.14
11.915,-0.00,0.03,-0.12
11.935,-0.01,0.00,-0.00
11.950,0.09,-0.12,0.25
11.966,0.31,-0.32,0.30
11.981,0.37,-0.42,0.11
12.001,0.26,-0.34,-0.14
12.016,0.14,-0.09,-0.13
12.031,0.06,0.03,0.04
12.046,0.09,0.01,0.15
12.066,0.14,-0.06,0.13
12.081,0.14,-0.01,0.09
12.096,0.06,0.05,0.10
12.111,0.02,-0.00,0.12
12.131,0.04,-0.04,0.07
12.147,0.04,0.03,0.02
12.162,0.03,-0.00,0.09
12.177,0.04,-0.12,0.13
12.197,-0.06,-0.07,0.14
12.212,-0.13,-0.12,0.19
12.227,0.02,-0.13,0.17
12.242,0.07,-0.07,0.12
12.262,-0.00,-0.04,0.10
12.277,0.10,0.12,0.10
12.293,0.10,0.12,0.08
12.308,0.21,0.07,0.05
12.328,-0.01,-0.37,-0.06
12.343,-0.19,-0.03,-0.07
12.358,-0.03,0.32,0.07
